tahun,pos_belanja,tipe_pengeluaran,keterangan_pengeluaran,nilai
1990,"Anggaran Belanja untuk Daerah / Transfer ke Daerah","Dana Otonomi Khusus dan Penyeimbangan","Dana Otonomi Khusus dan Penyeimbangan",0
1990,"Anggaran Belanja untuk Daerah / Transfer ke Daerah","Dana Perimbangan","Dana Alokasi Khusus",0
1990,"Anggaran Belanja untuk Daerah / Transfer ke Daerah","Dana Perimbangan","Dana Alokasi Umum",6200
1990,"Anggaran Belanja untuk Daerah / Transfer ke Daerah","Dana Perimbangan","Dana Bagi Hasil",688
1990,"Belanja Pemerintah Pusat","Pengeluaran Pembangunan","Pembiayaan Pembangunan Rupiah",7952
1990,"Belanja Pemerintah Pusat","Pengeluaran Pembangunan","Pembiayaan Proyek",7035
1990,"Belanja Pemerintah Pusat","Pengeluaran Rutin","Bantuan Sosial",0
1990,"Belanja Pemerintah Pusat","Pengeluaran Rutin","Belanja Barang",1842
1990,"Belanja Pemerintah Pusat","Pengeluaran Rutin","Belanja Modal",0
1990,"Belanja Pemerintah Pusat","Pengeluaran Rutin","Belanja Pegawai",7088
1990,"Belanja Pemerintah Pusat","Pengeluaran Rutin","Pembayaran Bunga Utang - Dalam Negeri",0
1990,"Belanja Pemerintah Pusat","Pengeluaran Rutin","Pembayaran Bunga Utang - Luar Negeri",4959
1990,"Belanja Pemerintah Pusat","Pengeluaran Rutin","Pembayaran Bunga Utang - Tambahan Bunga",0
1990,"Belanja Pemerintah Pusat","Pengeluaran Rutin","Pengeluaran Rutin Lainnya/Belanja Lainnya",421
1990,"Belanja Pemerintah Pusat","Pengeluaran Rutin","Subsidi - BBM",3415
1990,"Belanja Pemerintah Pusat","Pengeluaran Rutin","Subsidi - Non BBM",155
1990,"Suspen","Suspen","Suspen",
1991,"Anggaran Belanja untuk Daerah / Transfer ke Daerah","Dana Otonomi Khusus dan Penyeimbangan","Dana Otonomi Khusus dan Penyeimbangan",0
1991,"Anggaran Belanja untuk Daerah / Transfer ke Daerah","Dana Perimbangan","Dana Alokasi Khusus",0
1991,"Anggaran Belanja untuk Daerah / Transfer ke Daerah","Dana Perimbangan","Dana Alokasi Umum",7631
1991,"Anggaran Belanja untuk Daerah / Transfer ke Daerah","Dana Perimbangan","Dana Bagi Hasil",859
1991,"Belanja Pemerintah Pusat","Pengeluaran Pembangunan","Pembiayaan Pembangunan Rupiah",10072
1991,"Belanja Pemerintah Pusat","Pengeluaran Pembangunan","Pembiayaan Proyek",8590
1991,"Belanja Pemerintah Pusat","Pengeluaran Rutin","Bantuan Sosial",0
1991,"Belanja Pemerintah Pusat","Pengeluaran Rutin","Belanja Barang",2328
1991,"Belanja Pemerintah Pusat","Pengeluaran Rutin","Belanja Modal",0
1991,"Belanja Pemerintah Pusat","Pengeluaran Rutin","Belanja Pegawai",8170
1991,"Belanja Pemerintah Pusat","Pengeluaran Rutin","Pembayaran Bunga Utang - Dalam Negeri",0
1991,"Belanja Pemerintah Pusat","Pengeluaran Rutin","Pembayaran Bunga Utang - Luar Negeri",5052
1991,"Belanja Pemerintah Pusat","Pengeluaran Rutin","Pembayaran Bunga Utang - Tambahan Bunga",0
1991,"Belanja Pemerintah Pusat","Pengeluaran Rutin","Pengeluaran Rutin Lainnya/Belanja Lainnya",651
1991,"Belanja Pemerintah Pusat","Pengeluaran Rutin","Subsidi - BBM",930
1991,"Belanja Pemerintah Pusat","Pengeluaran Rutin","Subsidi - Non BBM",300
1991,"Suspen","Suspen","Suspen",
1992,"Anggaran Belanja untuk Daerah / Transfer ke Daerah","Dana Otonomi Khusus dan Penyeimbangan","Dana Otonomi Khusus dan Penyeimbangan",0
1992,"Anggaran Belanja untuk Daerah / Transfer ke Daerah","Dana Perimbangan","Dana Alokasi Khusus",0
1992,"Anggaran Belanja untuk Daerah / Transfer ke Daerah","Dana Perimbangan","Dana Alokasi Umum",9436
1992,"Anggaran Belanja untuk Daerah / Transfer ke Daerah","Dana Perimbangan","Dana Bagi Hasil",983
1992,"Belanja Pemerintah Pusat","Pengeluaran Pembangunan","Pembiayaan Pembangunan Rupiah",11114
1992,"Belanja Pemerintah Pusat","Pengeluaran Pembangunan","Pembiayaan Proyek",10581
1992,"Belanja Pemerintah Pusat","Pengeluaran Rutin","Bantuan Sosial",0
1992,"Belanja Pemerintah Pusat","Pengeluaran Rutin","Belanja Barang",2929
1992,"Belanja Pemerintah Pusat","Pengeluaran Rutin","Belanja Modal",0
1992,"Belanja Pemerintah Pusat","Pengeluaran Rutin","Belanja Pegawai",9554
1992,"Belanja Pemerintah Pusat","Pengeluaran Rutin","Pembayaran Bunga Utang - Dalam Negeri",0
1992,"Belanja Pemerintah Pusat","Pengeluaran Rutin","Pembayaran Bunga Utang - Luar Negeri",5785
1992,"Belanja Pemerintah Pusat","Pengeluaran Rutin","Pembayaran Bunga Utang - Tambahan Bunga",0
1992,"Belanja Pemerintah Pusat","Pengeluaran Rutin","Pengeluaran Rutin Lainnya/Belanja Lainnya",799
1992,"Belanja Pemerintah Pusat","Pengeluaran Rutin","Subsidi - BBM",692
1992,"Belanja Pemerintah Pusat","Pengeluaran Rutin","Subsidi - Non BBM",175
1992,"Suspen","Suspen","Suspen",
1993,"Anggaran Belanja untuk Daerah / Transfer ke Daerah","Dana Otonomi Khusus dan Penyeimbangan","Dana Otonomi Khusus dan Penyeimbangan",0
1993,"Anggaran Belanja untuk Daerah / Transfer ke Daerah","Dana Perimbangan","Dana Alokasi Khusus",0
1993,"Anggaran Belanja untuk Daerah / Transfer ke Daerah","Dana Perimbangan","Dana Alokasi Umum",11091
1993,"Anggaran Belanja untuk Daerah / Transfer ke Daerah","Dana Perimbangan","Dana Bagi Hasil",1334
1993,"Belanja Pemerintah Pusat","Pengeluaran Pembangunan","Pembiayaan Pembangunan Rupiah",11985
1993,"Belanja Pemerintah Pusat","Pengeluaran Pembangunan","Pembiayaan Proyek",10753
1993,"Belanja Pemerintah Pusat","Pengeluaran Rutin","Bantuan Sosial",0
1993,"Belanja Pemerintah Pusat","Pengeluaran Rutin","Belanja Barang",3032
1993,"Belanja Pemerintah Pusat","Pengeluaran Rutin","Belanja Modal",0
1993,"Belanja Pemerintah Pusat","Pengeluaran Rutin","Belanja Pegawai",11145
1993,"Belanja Pemerintah Pusat","Pengeluaran Rutin","Pembayaran Bunga Utang - Dalam Negeri",0
1993,"Belanja Pemerintah Pusat","Pengeluaran Rutin","Pembayaran Bunga Utang - Luar Negeri",6157
1993,"Belanja Pemerintah Pusat","Pengeluaran Rutin","Pembayaran Bunga Utang - Tambahan Bunga",0
1993,"Belanja Pemerintah Pusat","Pengeluaran Rutin","Pengeluaran Rutin Lainnya/Belanja Lainnya",882
1993,"Belanja Pemerintah Pusat","Pengeluaran Rutin","Subsidi - BBM",1280
1993,"Belanja Pemerintah Pusat","Pengeluaran Rutin","Subsidi - Non BBM",175
1993,"Suspen","Suspen","Suspen",
1994,"Anggaran Belanja untuk Daerah / Transfer ke Daerah","Dana Otonomi Khusus dan Penyeimbangan","Dana Otonomi Khusus dan Penyeimbangan",0
1994,"Anggaran Belanja untuk Daerah / Transfer ke Daerah","Dana Perimbangan","Dana Alokasi Khusus",0
1994,"Anggaran Belanja untuk Daerah / Transfer ke Daerah","Dana Perimbangan","Dana Alokasi Umum",12942
1994,"Anggaran Belanja untuk Daerah / Transfer ke Daerah","Dana Perimbangan","Dana Bagi Hasil",1683
1994,"Belanja Pemerintah Pusat","Pengeluaran Pembangunan","Pembiayaan Pembangunan Rupiah",12686
1994,"Belanja Pemerintah Pusat","Pengeluaran Pembangunan","Pembiayaan Proyek",9838
1994,"Belanja Pemerintah Pusat","Pengeluaran Rutin","Bantuan Sosial",0
1994,"Belanja Pemerintah Pusat","Pengeluaran Rutin","Belanja Barang",4319
1994,"Belanja Pemerintah Pusat","Pengeluaran Rutin","Belanja Modal",0
1994,"Belanja Pemerintah Pusat","Pengeluaran Rutin","Belanja Pegawai",12596
1994,"Belanja Pemerintah Pusat","Pengeluaran Rutin","Pembayaran Bunga Utang - Dalam Negeri",0
1994,"Belanja Pemerintah Pusat","Pengeluaran Rutin","Pembayaran Bunga Utang - Luar Negeri",6145
1994,"Belanja Pemerintah Pusat","Pengeluaran Rutin","Pembayaran Bunga Utang - Tambahan Bunga",0
1994,"Belanja Pemerintah Pusat","Pengeluaran Rutin","Pengeluaran Rutin Lainnya/Belanja Lainnya",897
1994,"Belanja Pemerintah Pusat","Pengeluaran Rutin","Subsidi - BBM",687
1994,"Belanja Pemerintah Pusat","Pengeluaran Rutin","Subsidi - Non BBM",815
1994,"Suspen","Suspen","Suspen",
1995,"Anggaran Belanja untuk Daerah / Transfer ke Daerah","Dana Otonomi Khusus dan Penyeimbangan","Dana Otonomi Khusus dan Penyeimbangan",0
1995,"Anggaran Belanja untuk Daerah / Transfer ke Daerah","Dana Perimbangan","Dana Alokasi Khusus",0
1995,"Anggaran Belanja untuk Daerah / Transfer ke Daerah","Dana Perimbangan","Dana Alokasi Umum",13715
1995,"Anggaran Belanja untuk Daerah / Transfer ke Daerah","Dana Perimbangan","Dana Bagi Hasil",1724
1995,"Belanja Pemerintah Pusat","Pengeluaran Pembangunan","Pembiayaan Pembangunan Rupiah",12417
1995,"Belanja Pemerintah Pusat","Pengeluaran Pembangunan","Pembiayaan Proyek",9009
1995,"Belanja Pemerintah Pusat","Pengeluaran Rutin","Bantuan Sosial",0
1995,"Belanja Pemerintah Pusat","Pengeluaran Rutin","Belanja Barang",5175
1995,"Belanja Pemerintah Pusat","Pengeluaran Rutin","Belanja Modal",0
1995,"Belanja Pemerintah Pusat","Pengeluaran Rutin","Belanja Pegawai",13001
1995,"Belanja Pemerintah Pusat","Pengeluaran Rutin","Pembayaran Bunga Utang - Dalam Negeri",0
1995,"Belanja Pemerintah Pusat","Pengeluaran Rutin","Pembayaran Bunga Utang - Luar Negeri",6615
1995,"Belanja Pemerintah Pusat","Pengeluaran Rutin","Pembayaran Bunga Utang - Tambahan Bunga",0
1995,"Belanja Pemerintah Pusat","Pengeluaran Rutin","Pengeluaran Rutin Lainnya/Belanja Lainnya",3507
1995,"Belanja Pemerintah Pusat","Pengeluaran Rutin","Subsidi - BBM",0
1995,"Belanja Pemerintah Pusat","Pengeluaran Rutin","Subsidi - Non BBM",179
1995,"Suspen","Suspen","Suspen",
1996,"Anggaran Belanja untuk Daerah / Transfer ke Daerah","Dana Otonomi Khusus dan Penyeimbangan","Dana Otonomi Khusus dan Penyeimbangan",0
1996,"Anggaran Belanja untuk Daerah / Transfer ke Daerah","Dana Perimbangan","Dana Alokasi Khusus",0
1996,"Anggaran Belanja untuk Daerah / Transfer ke Daerah","Dana Perimbangan","Dana Alokasi Umum",15830
1996,"Anggaran Belanja untuk Daerah / Transfer ke Daerah","Dana Perimbangan","Dana Bagi Hasil",2396
1996,"Belanja Pemerintah Pusat","Pengeluaran Pembangunan","Pembiayaan Pembangunan Rupiah",14997
1996,"Belanja Pemerintah Pusat","Pengeluaran Pembangunan","Pembiayaan Proyek",11900
1996,"Belanja Pemerintah Pusat","Pengeluaran Rutin","Bantuan Sosial",0
1996,"Belanja Pemerintah Pusat","Pengeluaran Rutin","Belanja Barang",8109
1996,"Belanja Pemerintah Pusat","Pengeluaran Rutin","Belanja Modal",0
1996,"Belanja Pemerintah Pusat","Pengeluaran Rutin","Belanja Pegawai",14455
1996,"Belanja Pemerintah Pusat","Pengeluaran Rutin","Pembayaran Bunga Utang - Dalam Negeri",0
1996,"Belanja Pemerintah Pusat","Pengeluaran Rutin","Pembayaran Bunga Utang - Luar Negeri",6610
1996,"Belanja Pemerintah Pusat","Pengeluaran Rutin","Pembayaran Bunga Utang - Tambahan Bunga",0
1996,"Belanja Pemerintah Pusat","Pengeluaran Rutin","Pengeluaran Rutin Lainnya/Belanja Lainnya",6264
1996,"Belanja Pemerintah Pusat","Pengeluaran Rutin","Subsidi - BBM",1416
1996,"Belanja Pemerintah Pusat","Pengeluaran Rutin","Subsidi - Non BBM",244
1996,"Suspen","Suspen","Suspen",
1997,"Anggaran Belanja untuk Daerah / Transfer ke Daerah","Dana Otonomi Khusus dan Penyeimbangan","Dana Otonomi Khusus dan Penyeimbangan",0
1997,"Anggaran Belanja untuk Daerah / Transfer ke Daerah","Dana Perimbangan","Dana Alokasi Khusus",0
1997,"Anggaran Belanja untuk Daerah / Transfer ke Daerah","Dana Perimbangan","Dana Alokasi Umum",18572
1997,"Anggaran Belanja untuk Daerah / Transfer ke Daerah","Dana Perimbangan","Dana Bagi Hasil",2352
1997,"Belanja Pemerintah Pusat","Pengeluaran Pembangunan","Pembiayaan Pembangunan Rupiah",13402
1997,"Belanja Pemerintah Pusat","Pengeluaran Pembangunan","Pembiayaan Proyek",14386
1997,"Belanja Pemerintah Pusat","Pengeluaran Rutin","Bantuan Sosial",0
1997,"Belanja Pemerintah Pusat","Pengeluaran Rutin","Belanja Barang",8999
1997,"Belanja Pemerintah Pusat","Pengeluaran Rutin","Belanja Modal",0
1997,"Belanja Pemerintah Pusat","Pengeluaran Rutin","Belanja Pegawai",17269
1997,"Belanja Pemerintah Pusat","Pengeluaran Rutin","Pembayaran Bunga Utang - Dalam Negeri",0
1997,"Belanja Pemerintah Pusat","Pengeluaran Rutin","Pembayaran Bunga Utang - Luar Negeri",10818
1997,"Belanja Pemerintah Pusat","Pengeluaran Rutin","Pembayaran Bunga Utang - Tambahan Bunga",0
1997,"Belanja Pemerintah Pusat","Pengeluaran Rutin","Pengeluaran Rutin Lainnya/Belanja Lainnya",2383
1997,"Belanja Pemerintah Pusat","Pengeluaran Rutin","Subsidi - BBM",9814
1997,"Belanja Pemerintah Pusat","Pengeluaran Rutin","Subsidi - Non BBM",11306
1997,"Suspen","Suspen","Suspen",
1998,"Anggaran Belanja untuk Daerah / Transfer ke Daerah","Dana Otonomi Khusus dan Penyeimbangan","Dana Otonomi Khusus dan Penyeimbangan",0
1998,"Anggaran Belanja untuk Daerah / Transfer ke Daerah","Dana Perimbangan","Dana Alokasi Khusus",0
1998,"Anggaran Belanja untuk Daerah / Transfer ke Daerah","Dana Perimbangan","Dana Alokasi Umum",22947
1998,"Anggaran Belanja untuk Daerah / Transfer ke Daerah","Dana Perimbangan","Dana Bagi Hasil",3703
1998,"Belanja Pemerintah Pusat","Pengeluaran Pembangunan","Pembiayaan Pembangunan Rupiah",16578
1998,"Belanja Pemerintah Pusat","Pengeluaran Pembangunan","Pembiayaan Proyek",26181
1998,"Belanja Pemerintah Pusat","Pengeluaran Rutin","Bantuan Sosial",0
1998,"Belanja Pemerintah Pusat","Pengeluaran Rutin","Belanja Barang",9862
1998,"Belanja Pemerintah Pusat","Pengeluaran Rutin","Belanja Modal",0
1998,"Belanja Pemerintah Pusat","Pengeluaran Rutin","Belanja Pegawai",23216
1998,"Belanja Pemerintah Pusat","Pengeluaran Rutin","Pembayaran Bunga Utang - Dalam Negeri",8385
1998,"Belanja Pemerintah Pusat","Pengeluaran Rutin","Pembayaran Bunga Utang - Luar Negeri",24480
1998,"Belanja Pemerintah Pusat","Pengeluaran Rutin","Pembayaran Bunga Utang - Tambahan Bunga",0
1998,"Belanja Pemerintah Pusat","Pengeluaran Rutin","Pengeluaran Rutin Lainnya/Belanja Lainnya",2703
1998,"Belanja Pemerintah Pusat","Pengeluaran Rutin","Subsidi - BBM",28607
1998,"Belanja Pemerintah Pusat","Pengeluaran Rutin","Subsidi - Non BBM",6008
1998,"Suspen","Suspen","Suspen",
1999,"Anggaran Belanja untuk Daerah / Transfer ke Daerah","Dana Otonomi Khusus dan Penyeimbangan","Dana Otonomi Khusus dan Penyeimbangan",0
1999,"Anggaran Belanja untuk Daerah / Transfer ke Daerah","Dana Perimbangan","Dana Alokasi Khusus",0
1999,"Anggaran Belanja untuk Daerah / Transfer ke Daerah","Dana Perimbangan","Dana Alokasi Umum",7631
1999,"Anggaran Belanja untuk Daerah / Transfer ke Daerah","Dana Perimbangan","Dana Bagi Hasil",859
1999,"Belanja Pemerintah Pusat","Pengeluaran Pembangunan","Pembiayaan Pembangunan Rupiah",10072
1999,"Belanja Pemerintah Pusat","Pengeluaran Pembangunan","Pembiayaan Proyek",8590
1999,"Belanja Pemerintah Pusat","Pengeluaran Rutin","Bantuan Sosial",0
1999,"Belanja Pemerintah Pusat","Pengeluaran Rutin","Belanja Barang",2328
1999,"Belanja Pemerintah Pusat","Pengeluaran Rutin","Belanja Modal",0
1999,"Belanja Pemerintah Pusat","Pengeluaran Rutin","Belanja Pegawai",8170
1999,"Belanja Pemerintah Pusat","Pengeluaran Rutin","Pembayaran Bunga Utang - Dalam Negeri",0
1999,"Belanja Pemerintah Pusat","Pengeluaran Rutin","Pembayaran Bunga Utang - Luar Negeri",5052
1999,"Belanja Pemerintah Pusat","Pengeluaran Rutin","Pembayaran Bunga Utang - Tambahan Bunga",0
1999,"Belanja Pemerintah Pusat","Pengeluaran Rutin","Pengeluaran Rutin Lainnya/Belanja Lainnya",651
1999,"Belanja Pemerintah Pusat","Pengeluaran Rutin","Subsidi - BBM",930
1999,"Belanja Pemerintah Pusat","Pengeluaran Rutin","Subsidi - Non BBM",300
1999,"Suspen","Suspen","Suspen",
2000,"Anggaran Belanja untuk Daerah / Transfer ke Daerah","Dana Otonomi Khusus dan Penyeimbangan","Dana Otonomi Khusus dan Penyeimbangan",0
2000,"Anggaran Belanja untuk Daerah / Transfer ke Daerah","Dana Perimbangan","Dana Alokasi Khusus",0
2000,"Anggaran Belanja untuk Daerah / Transfer ke Daerah","Dana Perimbangan","Dana Alokasi Umum",28806.6
2000,"Anggaran Belanja untuk Daerah / Transfer ke Daerah","Dana Perimbangan","Dana Bagi Hasil",4268.2
2000,"Belanja Pemerintah Pusat","Pengeluaran Pembangunan","Pembiayaan Pembangunan Rupiah",8845.2
2000,"Belanja Pemerintah Pusat","Pengeluaran Pembangunan","Pembiayaan Proyek",16969.6
2000,"Belanja Pemerintah Pusat","Pengeluaran Rutin","Bantuan Sosial",0
2000,"Belanja Pemerintah Pusat","Pengeluaran Rutin","Belanja Barang",9604.8
2000,"Belanja Pemerintah Pusat","Pengeluaran Rutin","Belanja Modal",0
2000,"Belanja Pemerintah Pusat","Pengeluaran Rutin","Belanja Pegawai",29612.9
2000,"Belanja Pemerintah Pusat","Pengeluaran Rutin","Pembayaran Bunga Utang - Dalam Negeri",31237.9
2000,"Belanja Pemerintah Pusat","Pengeluaran Rutin","Pembayaran Bunga Utang - Luar Negeri",18830.2
2000,"Belanja Pemerintah Pusat","Pengeluaran Rutin","Pembayaran Bunga Utang - Tambahan Bunga",0
2000,"Belanja Pemerintah Pusat","Pengeluaran Rutin","Pengeluaran Rutin Lainnya/Belanja Lainnya",10546
2000,"Belanja Pemerintah Pusat","Pengeluaran Rutin","Subsidi - BBM",53809.6
2000,"Belanja Pemerintah Pusat","Pengeluaran Rutin","Subsidi - Non BBM",8935.7
2000,"Suspen","Suspen","Suspen",
2001,"Anggaran Belanja untuk Daerah / Transfer ke Daerah","Dana Otonomi Khusus dan Penyeimbangan","Dana Otonomi Khusus dan Penyeimbangan",0
2001,"Anggaran Belanja untuk Daerah / Transfer ke Daerah","Dana Perimbangan","Dana Alokasi Khusus",0
2001,"Anggaran Belanja untuk Daerah / Transfer ke Daerah","Dana Perimbangan","Dana Alokasi Umum",60346
2001,"Anggaran Belanja untuk Daerah / Transfer ke Daerah","Dana Perimbangan","Dana Bagi Hasil",20709
2001,"Belanja Pemerintah Pusat","Pengeluaran Pembangunan","Pembiayaan Pembangunan Rupiah",21370
2001,"Belanja Pemerintah Pusat","Pengeluaran Pembangunan","Pembiayaan Proyek",20214
2001,"Belanja Pemerintah Pusat","Pengeluaran Rutin","Bantuan Sosial",0
2001,"Belanja Pemerintah Pusat","Pengeluaran Rutin","Belanja Barang",9931
2001,"Belanja Pemerintah Pusat","Pengeluaran Rutin","Belanja Modal",0
2001,"Belanja Pemerintah Pusat","Pengeluaran Rutin","Belanja Pegawai",38713
2001,"Belanja Pemerintah Pusat","Pengeluaran Rutin","Pembayaran Bunga Utang - Dalam Negeri",58197
2001,"Belanja Pemerintah Pusat","Pengeluaran Rutin","Pembayaran Bunga Utang - Luar Negeri",28945
2001,"Belanja Pemerintah Pusat","Pengeluaran Rutin","Pembayaran Bunga Utang - Tambahan Bunga",0
2001,"Belanja Pemerintah Pusat","Pengeluaran Rutin","Pengeluaran Rutin Lainnya/Belanja Lainnya",5694
2001,"Belanja Pemerintah Pusat","Pengeluaran Rutin","Subsidi - BBM",68381
2001,"Belanja Pemerintah Pusat","Pengeluaran Rutin","Subsidi - Non BBM",9063
2001,"Suspen","Suspen","Suspen",0
2002,"Anggaran Belanja untuk Daerah / Transfer ke Daerah","Dana Otonomi Khusus dan Penyeimbangan","Dana Otonomi Khusus dan Penyeimbangan",3548
2002,"Anggaran Belanja untuk Daerah / Transfer ke Daerah","Dana Perimbangan","Dana Alokasi Khusus",0
2002,"Anggaran Belanja untuk Daerah / Transfer ke Daerah","Dana Perimbangan","Dana Alokasi Umum",69159
2002,"Anggaran Belanja untuk Daerah / Transfer ke Daerah","Dana Perimbangan","Dana Bagi Hasil",25497
2002,"Belanja Pemerintah Pusat","Pengeluaran Pembangunan","Pembiayaan Pembangunan Rupiah",25608
2002,"Belanja Pemerintah Pusat","Pengeluaran Pembangunan","Pembiayaan Proyek",11717
2002,"Belanja Pemerintah Pusat","Pengeluaran Rutin","Bantuan Sosial",0
2002,"Belanja Pemerintah Pusat","Pengeluaran Rutin","Belanja Barang",12777
2002,"Belanja Pemerintah Pusat","Pengeluaran Rutin","Belanja Modal",0
2002,"Belanja Pemerintah Pusat","Pengeluaran Rutin","Belanja Pegawai",39480
2002,"Belanja Pemerintah Pusat","Pengeluaran Rutin","Pembayaran Bunga Utang - Dalam Negeri",62261
2002,"Belanja Pemerintah Pusat","Pengeluaran Rutin","Pembayaran Bunga Utang - Luar Negeri",25406
2002,"Belanja Pemerintah Pusat","Pengeluaran Rutin","Pembayaran Bunga Utang - Tambahan Bunga",0
2002,"Belanja Pemerintah Pusat","Pengeluaran Rutin","Pengeluaran Rutin Lainnya/Belanja Lainnya",3099
2002,"Belanja Pemerintah Pusat","Pengeluaran Rutin","Subsidi - BBM",31162
2002,"Belanja Pemerintah Pusat","Pengeluaran Rutin","Subsidi - Non BBM",12466
2002,"Suspen","Suspen","Suspen",0
2003,"Anggaran Belanja untuk Daerah / Transfer ke Daerah","Dana Otonomi Khusus dan Penyeimbangan","Dana Otonomi Khusus dan Penyeimbangan",9244
2003,"Anggaran Belanja untuk Daerah / Transfer ke Daerah","Dana Perimbangan","Dana Alokasi Khusus",2723
2003,"Anggaran Belanja untuk Daerah / Transfer ke Daerah","Dana Perimbangan","Dana Alokasi Umum",76978
2003,"Anggaran Belanja untuk Daerah / Transfer ke Daerah","Dana Perimbangan","Dana Bagi Hasil",31370
2003,"Belanja Pemerintah Pusat","Pengeluaran Pembangunan","Pembiayaan Pembangunan Rupiah",50345
2003,"Belanja Pemerintah Pusat","Pengeluaran Pembangunan","Pembiayaan Proyek",18902
2003,"Belanja Pemerintah Pusat","Pengeluaran Rutin","Bantuan Sosial",0
2003,"Belanja Pemerintah Pusat","Pengeluaran Rutin","Belanja Barang",14992
2003,"Belanja Pemerintah Pusat","Pengeluaran Rutin","Belanja Modal",0
2003,"Belanja Pemerintah Pusat","Pengeluaran Rutin","Belanja Pegawai",47662
2003,"Belanja Pemerintah Pusat","Pengeluaran Rutin","Pembayaran Bunga Utang - Dalam Negeri",46356
2003,"Belanja Pemerintah Pusat","Pengeluaran Rutin","Pembayaran Bunga Utang - Luar Negeri",18995
2003,"Belanja Pemerintah Pusat","Pengeluaran Rutin","Pembayaran Bunga Utang - Tambahan Bunga",0
2003,"Belanja Pemerintah Pusat","Pengeluaran Rutin","Pengeluaran Rutin Lainnya/Belanja Lainnya",15042
2003,"Belanja Pemerintah Pusat","Pengeluaran Rutin","Subsidi - BBM",30038
2003,"Belanja Pemerintah Pusat","Pengeluaran Rutin","Subsidi - Non BBM",13861
2003,"Suspen","Suspen","Suspen",0
2004,"Anggaran Belanja untuk Daerah / Transfer ke Daerah","Dana Otonomi Khusus dan Penyeimbangan","Dana Otonomi Khusus dan Penyeimbangan",6855
2004,"Anggaran Belanja untuk Daerah / Transfer ke Daerah","Dana Perimbangan","Dana Alokasi Khusus",2836
2004,"Anggaran Belanja untuk Daerah / Transfer ke Daerah","Dana Perimbangan","Dana Alokasi Umum",82131
2004,"Anggaran Belanja untuk Daerah / Transfer ke Daerah","Dana Perimbangan","Dana Bagi Hasil",37901
2004,"Belanja Pemerintah Pusat","Pengeluaran Pembangunan","Pembiayaan Pembangunan Rupiah",48018
2004,"Belanja Pemerintah Pusat","Pengeluaran Pembangunan","Pembiayaan Proyek",13432
2004,"Belanja Pemerintah Pusat","Pengeluaran Rutin","Bantuan Sosial",0
2004,"Belanja Pemerintah Pusat","Pengeluaran Rutin","Belanja Barang",15518
2004,"Belanja Pemerintah Pusat","Pengeluaran Rutin","Belanja Modal",0
2004,"Belanja Pemerintah Pusat","Pengeluaran Rutin","Belanja Pegawai",52743
2004,"Belanja Pemerintah Pusat","Pengeluaran Rutin","Pembayaran Bunga Utang - Dalam Negeri",39639
2004,"Belanja Pemerintah Pusat","Pengeluaran Rutin","Pembayaran Bunga Utang - Luar Negeri",22846
2004,"Belanja Pemerintah Pusat","Pengeluaran Rutin","Pembayaran Bunga Utang - Tambahan Bunga",0
2004,"Belanja Pemerintah Pusat","Pengeluaran Rutin","Pengeluaran Rutin Lainnya/Belanja Lainnya",13738
2004,"Belanja Pemerintah Pusat","Pengeluaran Rutin","Subsidi - BBM",69025
2004,"Belanja Pemerintah Pusat","Pengeluaran Rutin","Subsidi - Non BBM",22505
2004,"Suspen","Suspen","Suspen",-10
2005,"Anggaran Belanja untuk Daerah / Transfer ke Daerah","Dana Otonomi Khusus dan Penyeimbangan","Dana Otonomi Khusus dan Penyeimbangan",7243
2005,"Anggaran Belanja untuk Daerah / Transfer ke Daerah","Dana Perimbangan","Dana Alokasi Khusus",3977
2005,"Anggaran Belanja untuk Daerah / Transfer ke Daerah","Dana Perimbangan","Dana Alokasi Umum",88765
2005,"Anggaran Belanja untuk Daerah / Transfer ke Daerah","Dana Perimbangan","Dana Bagi Hasil",50479
2005,"Belanja Pemerintah Pusat","Pengeluaran Pembangunan","Pembiayaan Pembangunan Rupiah",0
2005,"Belanja Pemerintah Pusat","Pengeluaran Pembangunan","Pembiayaan Proyek",0
2005,"Belanja Pemerintah Pusat","Pengeluaran Rutin","Bantuan Sosial",33972
2005,"Belanja Pemerintah Pusat","Pengeluaran Rutin","Belanja Barang",29172
2005,"Belanja Pemerintah Pusat","Pengeluaran Rutin","Belanja Modal",32889
2005,"Belanja Pemerintah Pusat","Pengeluaran Rutin","Belanja Pegawai",54254
2005,"Belanja Pemerintah Pusat","Pengeluaran Rutin","Pembayaran Bunga Utang - Dalam Negeri",42600
2005,"Belanja Pemerintah Pusat","Pengeluaran Rutin","Pembayaran Bunga Utang - Luar Negeri",22600
2005,"Belanja Pemerintah Pusat","Pengeluaran Rutin","Pembayaran Bunga Utang - Tambahan Bunga",0
2005,"Belanja Pemerintah Pusat","Pengeluaran Rutin","Pengeluaran Rutin Lainnya/Belanja Lainnya",24904
2005,"Belanja Pemerintah Pusat","Pengeluaran Rutin","Subsidi - BBM",95599
2005,"Belanja Pemerintah Pusat","Pengeluaran Rutin","Subsidi - Non BBM",25167
2005,"Suspen","Suspen","Suspen",-1987
2006,"Anggaran Belanja untuk Daerah / Transfer ke Daerah","Dana Otonomi Khusus dan Penyeimbangan","Dana Otonomi Khusus dan Penyeimbangan",4049
2006,"Anggaran Belanja untuk Daerah / Transfer ke Daerah","Dana Perimbangan","Dana Alokasi Khusus",11566
2006,"Anggaran Belanja untuk Daerah / Transfer ke Daerah","Dana Perimbangan","Dana Alokasi Umum",145664
2006,"Anggaran Belanja untuk Daerah / Transfer ke Daerah","Dana Perimbangan","Dana Bagi Hasil",64900
2006,"Belanja Pemerintah Pusat","Pengeluaran Pembangunan","Pembiayaan Pembangunan Rupiah",0
2006,"Belanja Pemerintah Pusat","Pengeluaran Pembangunan","Pembiayaan Proyek",0
2006,"Belanja Pemerintah Pusat","Pengeluaran Rutin","Bantuan Sosial",37423
2006,"Belanja Pemerintah Pusat","Pengeluaran Rutin","Belanja Barang",47182
2006,"Belanja Pemerintah Pusat","Pengeluaran Rutin","Belanja Modal",54952
2006,"Belanja Pemerintah Pusat","Pengeluaran Rutin","Belanja Pegawai",73252
2006,"Belanja Pemerintah Pusat","Pengeluaran Rutin","Pembayaran Bunga Utang - Dalam Negeri",54908
2006,"Belanja Pemerintah Pusat","Pengeluaran Rutin","Pembayaran Bunga Utang - Luar Negeri",24174
2006,"Belanja Pemerintah Pusat","Pengeluaran Rutin","Pembayaran Bunga Utang - Tambahan Bunga",0
2006,"Belanja Pemerintah Pusat","Pengeluaran Rutin","Pengeluaran Rutin Lainnya/Belanja Lainnya",40709
2006,"Belanja Pemerintah Pusat","Pengeluaran Rutin","Subsidi - BBM",64212
2006,"Belanja Pemerintah Pusat","Pengeluaran Rutin","Subsidi - Non BBM",43220
2006,"Suspen","Suspen","Suspen",-917
2007,"Anggaran Belanja untuk Daerah / Transfer ke Daerah","Dana Otonomi Khusus dan Penyeimbangan","Dana Otonomi Khusus dan Penyeimbangan",9296
2007,"Anggaran Belanja untuk Daerah / Transfer ke Daerah","Dana Perimbangan","Dana Alokasi Khusus",16238
2007,"Anggaran Belanja untuk Daerah / Transfer ke Daerah","Dana Perimbangan","Dana Alokasi Umum",164787
2007,"Anggaran Belanja untuk Daerah / Transfer ke Daerah","Dana Perimbangan","Dana Bagi Hasil",62942
2007,"Belanja Pemerintah Pusat","Pengeluaran Pembangunan","Pembiayaan Pembangunan Rupiah",0
2007,"Belanja Pemerintah Pusat","Pengeluaran Pembangunan","Pembiayaan Proyek",0
2007,"Belanja Pemerintah Pusat","Pengeluaran Rutin","Bantuan Sosial",15621
2007,"Belanja Pemerintah Pusat","Pengeluaran Rutin","Belanja Barang",54511
2007,"Belanja Pemerintah Pusat","Pengeluaran Rutin","Belanja Modal",64289
2007,"Belanja Pemerintah Pusat","Pengeluaran Rutin","Belanja Pegawai",90425
2007,"Belanja Pemerintah Pusat","Pengeluaran Rutin","Pembayaran Bunga Utang - Dalam Negeri",54079
2007,"Belanja Pemerintah Pusat","Pengeluaran Rutin","Pembayaran Bunga Utang - Luar Negeri",25727
2007,"Belanja Pemerintah Pusat","Pengeluaran Rutin","Pembayaran Bunga Utang - Tambahan Bunga",0
2007,"Belanja Pemerintah Pusat","Pengeluaran Rutin","Pengeluaran Rutin Lainnya/Belanja Lainnya",49756
2007,"Belanja Pemerintah Pusat","Pengeluaran Rutin","Subsidi - BBM",83792
2007,"Belanja Pemerintah Pusat","Pengeluaran Rutin","Subsidi - Non BBM",66422
2007,"Suspen","Suspen","Suspen",-237
2008,"Anggaran Belanja untuk Daerah / Transfer ke Daerah","Dana Otonomi Khusus dan Penyeimbangan","Dana Otonomi Khusus dan Penyeimbangan",13719
2008,"Anggaran Belanja untuk Daerah / Transfer ke Daerah","Dana Perimbangan","Dana Alokasi Khusus",20787
2008,"Anggaran Belanja untuk Daerah / Transfer ke Daerah","Dana Perimbangan","Dana Alokasi Umum",179507
2008,"Anggaran Belanja untuk Daerah / Transfer ke Daerah","Dana Perimbangan","Dana Bagi Hasil",78420
2008,"Belanja Pemerintah Pusat","Pengeluaran Pembangunan","Pembiayaan Pembangunan Rupiah",0
2008,"Belanja Pemerintah Pusat","Pengeluaran Pembangunan","Pembiayaan Proyek",0
2008,"Belanja Pemerintah Pusat","Pengeluaran Rutin","Bantuan Sosial",30328
2008,"Belanja Pemerintah Pusat","Pengeluaran Rutin","Belanja Barang",55964
2008,"Belanja Pemerintah Pusat","Pengeluaran Rutin","Belanja Modal",72773
2008,"Belanja Pemerintah Pusat","Pengeluaran Rutin","Belanja Pegawai",112830
2008,"Belanja Pemerintah Pusat","Pengeluaran Rutin","Pembayaran Bunga Utang - Dalam Negeri",59887
2008,"Belanja Pemerintah Pusat","Pengeluaran Rutin","Pembayaran Bunga Utang - Luar Negeri",28543
2008,"Belanja Pemerintah Pusat","Pengeluaran Rutin","Pembayaran Bunga Utang - Tambahan Bunga",0
2008,"Belanja Pemerintah Pusat","Pengeluaran Rutin","Pengeluaran Rutin Lainnya/Belanja Lainnya",57741
2008,"Belanja Pemerintah Pusat","Pengeluaran Rutin","Subsidi - BBM",139107
2008,"Belanja Pemerintah Pusat","Pengeluaran Rutin","Subsidi - Non BBM",136185
2008,"Suspen","Suspen","Suspen",-58721
2009,"Anggaran Belanja untuk Daerah / Transfer ke Daerah","Dana Otonomi Khusus dan Penyeimbangan","Dana Otonomi Khusus dan Penyeimbangan",21334
2009,"Anggaran Belanja untuk Daerah / Transfer ke Daerah","Dana Perimbangan","Dana Alokasi Khusus",24707
2009,"Anggaran Belanja untuk Daerah / Transfer ke Daerah","Dana Perimbangan","Dana Alokasi Umum",186414
2009,"Anggaran Belanja untuk Daerah / Transfer ke Daerah","Dana Perimbangan","Dana Bagi Hasil",76130
2009,"Belanja Pemerintah Pusat","Pengeluaran Pembangunan","Pembiayaan Pembangunan Rupiah",0
2009,"Belanja Pemerintah Pusat","Pengeluaran Pembangunan","Pembiayaan Proyek",0
2009,"Belanja Pemerintah Pusat","Pengeluaran Rutin","Bantuan Sosial",38926
2009,"Belanja Pemerintah Pusat","Pengeluaran Rutin","Belanja Barang",80668
2009,"Belanja Pemerintah Pusat","Pengeluaran Rutin","Belanja Modal",75871
2009,"Belanja Pemerintah Pusat","Pengeluaran Rutin","Belanja Pegawai",127670
2009,"Belanja Pemerintah Pusat","Pengeluaran Rutin","Pembayaran Bunga Utang - Dalam Negeri",63756
2009,"Belanja Pemerintah Pusat","Pengeluaran Rutin","Pembayaran Bunga Utang - Luar Negeri",30026
2009,"Belanja Pemerintah Pusat","Pengeluaran Rutin","Pembayaran Bunga Utang - Tambahan Bunga",0
2009,"Belanja Pemerintah Pusat","Pengeluaran Rutin","Pengeluaran Rutin Lainnya/Belanja Lainnya",73814
2009,"Belanja Pemerintah Pusat","Pengeluaran Rutin","Subsidi - BBM",45039
2009,"Belanja Pemerintah Pusat","Pengeluaran Rutin","Subsidi - Non BBM",93043
2009,"Suspen","Suspen","Suspen",0
2010,"Anggaran Belanja untuk Daerah / Transfer ke Daerah","Dana Otonomi Khusus dan Penyeimbangan","Dana Otonomi Khusus dan Penyeimbangan",28016
2010,"Anggaran Belanja untuk Daerah / Transfer ke Daerah","Dana Perimbangan","Dana Alokasi Khusus",20956
2010,"Anggaran Belanja untuk Daerah / Transfer ke Daerah","Dana Perimbangan","Dana Alokasi Umum",203572
2010,"Anggaran Belanja untuk Daerah / Transfer ke Daerah","Dana Perimbangan","Dana Bagi Hasil",92184
2010,"Belanja Pemerintah Pusat","Pengeluaran Pembangunan","Pembiayaan Pembangunan Rupiah",0
2010,"Belanja Pemerintah Pusat","Pengeluaran Pembangunan","Pembiayaan Proyek",0
2010,"Belanja Pemerintah Pusat","Pengeluaran Rutin","Bantuan Sosial",21673
2010,"Belanja Pemerintah Pusat","Pengeluaran Rutin","Belanja Barang",97597
2010,"Belanja Pemerintah Pusat","Pengeluaran Rutin","Belanja Modal",80287
2010,"Belanja Pemerintah Pusat","Pengeluaran Rutin","Belanja Pegawai",148078
2010,"Belanja Pemerintah Pusat","Pengeluaran Rutin","Pembayaran Bunga Utang - Dalam Negeri",61481
2010,"Belanja Pemerintah Pusat","Pengeluaran Rutin","Pembayaran Bunga Utang - Luar Negeri",26903
2010,"Belanja Pemerintah Pusat","Pengeluaran Rutin","Pembayaran Bunga Utang - Tambahan Bunga",0
2010,"Belanja Pemerintah Pusat","Pengeluaran Rutin","Pengeluaran Rutin Lainnya/Belanja Lainnya",68611
2010,"Belanja Pemerintah Pusat","Pengeluaran Rutin","Subsidi - BBM",82351
2010,"Belanja Pemerintah Pusat","Pengeluaran Rutin","Subsidi - Non BBM",110356
2010,"Suspen","Suspen","Suspen",-17
2011,"Anggaran Belanja untuk Daerah / Transfer ke Daerah","Dana Otonomi Khusus dan Penyeimbangan","Dana Otonomi Khusus dan Penyeimbangan",64079
2011,"Anggaran Belanja untuk Daerah / Transfer ke Daerah","Dana Perimbangan","Dana Alokasi Khusus",24804
2011,"Anggaran Belanja untuk Daerah / Transfer ke Daerah","Dana Perimbangan","Dana Alokasi Umum",225534
2011,"Anggaran Belanja untuk Daerah / Transfer ke Daerah","Dana Perimbangan","Dana Bagi Hasil",96909
2011,"Belanja Pemerintah Pusat","Pengeluaran Pembangunan","Pembiayaan Pembangunan Rupiah",0
2011,"Belanja Pemerintah Pusat","Pengeluaran Pembangunan","Pembiayaan Proyek",0
2011,"Belanja Pemerintah Pusat","Pengeluaran Rutin","Bantuan Sosial",54654
2011,"Belanja Pemerintah Pusat","Pengeluaran Rutin","Belanja Barang",124640
2011,"Belanja Pemerintah Pusat","Pengeluaran Rutin","Belanja Modal",117855
2011,"Belanja Pemerintah Pusat","Pengeluaran Rutin","Belanja Pegawai",175738
2011,"Belanja Pemerintah Pusat","Pengeluaran Rutin","Pembayaran Bunga Utang - Dalam Negeri",66825
2011,"Belanja Pemerintah Pusat","Pengeluaran Rutin","Pembayaran Bunga Utang - Luar Negeri",26437
2011,"Belanja Pemerintah Pusat","Pengeluaran Rutin","Pembayaran Bunga Utang - Tambahan Bunga",0
2011,"Belanja Pemerintah Pusat","Pengeluaran Rutin","Pengeluaran Rutin Lainnya/Belanja Lainnya",71104
2011,"Belanja Pemerintah Pusat","Pengeluaran Rutin","Subsidi - BBM",165161
2011,"Belanja Pemerintah Pusat","Pengeluaran Rutin","Subsidi - Non BBM",130197
2011,"Suspen","Suspen","Suspen",-48
2012,"Anggaran Belanja untuk Daerah / Transfer ke Daerah","Dana Otonomi Khusus dan Penyeimbangan","Dana Otonomi Khusus dan Penyeimbangan",
2012,"Anggaran Belanja untuk Daerah / Transfer ke Daerah","Dana Perimbangan","Dana Alokasi Khusus",
2012,"Anggaran Belanja untuk Daerah / Transfer ke Daerah","Dana Perimbangan","Dana Alokasi Umum",
2012,"Anggaran Belanja untuk Daerah / Transfer ke Daerah","Dana Perimbangan","Dana Bagi Hasil",
2012,"Belanja Pemerintah Pusat","Pengeluaran Pembangunan","Pembiayaan Pembangunan Rupiah",
2012,"Belanja Pemerintah Pusat","Pengeluaran Pembangunan","Pembiayaan Proyek",
2012,"Belanja Pemerintah Pusat","Pengeluaran Rutin","Bantuan Sosial",
2012,"Belanja Pemerintah Pusat","Pengeluaran Rutin","Belanja Barang",
2012,"Belanja Pemerintah Pusat","Pengeluaran Rutin","Belanja Modal",
2012,"Belanja Pemerintah Pusat","Pengeluaran Rutin","Belanja Pegawai",
2012,"Belanja Pemerintah Pusat","Pengeluaran Rutin","Pembayaran Bunga Utang - Dalam Negeri",
2012,"Belanja Pemerintah Pusat","Pengeluaran Rutin","Pembayaran Bunga Utang - Luar Negeri",
2012,"Belanja Pemerintah Pusat","Pengeluaran Rutin","Pembayaran Bunga Utang - Tambahan Bunga",
2012,"Belanja Pemerintah Pusat","Pengeluaran Rutin","Pengeluaran Rutin Lainnya/Belanja Lainnya",
2012,"Belanja Pemerintah Pusat","Pengeluaran Rutin","Subsidi - BBM",
2012,"Belanja Pemerintah Pusat","Pengeluaran Rutin","Subsidi - Non BBM",
2012,"Suspen","Suspen","Suspen",
2013,"Anggaran Belanja untuk Daerah / Transfer ke Daerah","Dana Otonomi Khusus dan Penyeimbangan","Dana Otonomi Khusus dan Penyeimbangan",
2013,"Anggaran Belanja untuk Daerah / Transfer ke Daerah","Dana Perimbangan","Dana Alokasi Khusus",
2013,"Anggaran Belanja untuk Daerah / Transfer ke Daerah","Dana Perimbangan","Dana Alokasi Umum",
2013,"Anggaran Belanja untuk Daerah / Transfer ke Daerah","Dana Perimbangan","Dana Bagi Hasil",
2013,"Belanja Pemerintah Pusat","Pengeluaran Pembangunan","Pembiayaan Pembangunan Rupiah",
2013,"Belanja Pemerintah Pusat","Pengeluaran Pembangunan","Pembiayaan Proyek",
2013,"Belanja Pemerintah Pusat","Pengeluaran Rutin","Bantuan Sosial",
2013,"Belanja Pemerintah Pusat","Pengeluaran Rutin","Belanja Barang",
2013,"Belanja Pemerintah Pusat","Pengeluaran Rutin","Belanja Modal",
2013,"Belanja Pemerintah Pusat","Pengeluaran Rutin","Belanja Pegawai",
2013,"Belanja Pemerintah Pusat","Pengeluaran Rutin","Pembayaran Bunga Utang - Dalam Negeri",
2013,"Belanja Pemerintah Pusat","Pengeluaran Rutin","Pembayaran Bunga Utang - Luar Negeri",
2013,"Belanja Pemerintah Pusat","Pengeluaran Rutin","Pembayaran Bunga Utang - Tambahan Bunga",
2013,"Belanja Pemerintah Pusat","Pengeluaran Rutin","Pengeluaran Rutin Lainnya/Belanja Lainnya",
2013,"Belanja Pemerintah Pusat","Pengeluaran Rutin","Subsidi - BBM",
2013,"Belanja Pemerintah Pusat","Pengeluaran Rutin","Subsidi - Non BBM",
2013,"Suspen","Suspen","Suspen",
